{
  "version": "1.0.0",
  "queries": [
    {
      "Query": {
        "Commands": [
          {
            "SemanticQueryDataShapeCommand": {
              "Query": {
                "Version": 2,
                "From": [
                  {
                    "Name": "s",
                    "Entity": "Sales Territory"
                  }
                ],
                "Select": [
                  {
                    "Column": {
                      "Expression": { "SourceRef": { "Source": "s" } },
                      "Property": "Sales Territory Country"
                    },
                    "Name": "Sales Territory.Sales Territory Country"
                  },
                  {
                    "Column": {
                      "Expression": { "SourceRef": { "Source": "s" } },
                      "Property": "Sales Territory Region"
                    },
                    "Name": "Sales Territory.Sales Territory Region"
                  }
                ]
              },
              "Binding": {
                "Primary": { "Groupings": [ { "Projections": [ 0 ] } ] },
                "DataReduction": {
                  "DataVolume": 4,
                  "Primary": { "Top": {} }
                },
                "Version": 1
              }
            }
          }
        ]
      },
      "QueryId": "",
      "ApplicationContext": { "Sources": [ {} ] }
    }
  ],
  "cancelQueries": [],
  "modelId": "1591847139",
  "userPreferredLocale": "en-US"
}