﻿{
  "version": "1.0.0",
  "queries": [
    {
      "Query": {
        "Commands": [
          {
            "SemanticQueryDataShapeCommand": {
              "Query": {
                "Version": 2,
                "From": [
                  {
                    "Name": "s",
                    "Entity": "Sales Territory"
                  },
                  {
                    "Name": "r",
                    "Entity": "Reseller Sales"
                  }
                ],
                "Select": [
                  {
                    "Column": {
                      "Expression": { "SourceRef": { "Source": "s" } },
                      "Property": "Sales Territory Region"
                    },
                    "Name": "Sales Territory.Sales Territory Region"
                  },
                  {
                    "Measure": {
                      "Expression": { "SourceRef": { "Source": "r" } },
                      "Property": "Reseller Total Gross Profit"
                    },
                    "Name": "Reseller Sales.Reseller Total Gross Profit"
                  }
                ]
              },
              "Binding": {
                "Primary": { "Groupings": [ { "Projections": [ 0, 1 ] } ] },
                "DataReduction": {
                  "DataVolume": 3,
                  "Primary": { "Top": {} }
                },
                "Version": 1
              }
            }
          }
        ]
      },
      "CacheKey": "{\"Commands\":[{\"SemanticQueryDataShapeCommand\":{\"Query\":{\"Version\":2,\"From\":[{\"Name\":\"s\",\"Entity\":\"Sales Territory\"},{\"Name\":\"r\",\"Entity\":\"Reseller Sales\"}],\"Select\":[{\"Column\":{\"Expression\":{\"SourceRef\":{\"Source\":\"s\"}},\"Property\":\"Sales Territory Region\"},\"Name\":\"Sales Territory.Sales Territory Region\"},{\"Measure\":{\"Expression\":{\"SourceRef\":{\"Source\":\"r\"}},\"Property\":\"Reseller Total Gross Profit\"},\"Name\":\"Reseller Sales.Reseller Total Gross Profit\"}]},\"Binding\":{\"Primary\":{\"Groupings\":[{\"Projections\":[0,1]}]},\"DataReduction\":{\"DataVolume\":3,\"Primary\":{\"Top\":{}}},\"Version\":1}}}]}",
      "QueryId": "",
      "ApplicationContext": { "Sources": [ {} ] }
    }
  ],
  "cancelQueries": [],
  "modelId": "1121075974",
  "userPreferredLocale": "en-US"
}