﻿{
  "version": "1.0.0",
  "queries": [
    {
      "Query": {
        "Commands": [
          {
            "SemanticQueryDataShapeCommand": {
              "Query": {
                "Version": 2,
                "From": [
                  {
                    "Name": "i",
                    "Entity": "Internet Sales"
                  }
                ],
                "Select": [
                  {
                    "Aggregation": {
                      "Expression": {
                        "Column": {
                          "Expression": { "SourceRef": { "Source": "i" } },
                          "Property": "Gross Profit"
                        }
                      },
                      "Function": 0
                    },
                    "Name": "Sum(Internet Sales.Gross Profit)"
                  },
                  {
                    "Column": {
                      "Expression": { "SourceRef": { "Source": "i" } },
                      "Property": "Order Date"
                    },
                    "Name": "Internet Sales.Order Date"
                  }
                ]
              },
              "Binding": {
                "Primary": { "Groupings": [ { "Projections": [ 0, 1 ] } ] },
                "DataReduction": {
                  "DataVolume": 4,
                  "Primary": { "BinnedLineSample": {} }
                },
                "Version": 1
              }
            }
          }
        ]
      },
      "CacheKey": "{\"Commands\":[{\"SemanticQueryDataShapeCommand\":{\"Query\":{\"Version\":2,\"From\":[{\"Name\":\"i\",\"Entity\":\"Internet Sales\"}],\"Select\":[{\"Aggregation\":{\"Expression\":{\"Column\":{\"Expression\":{\"SourceRef\":{\"Source\":\"i\"}},\"Property\":\"Gross Profit\"}},\"Function\":0},\"Name\":\"Sum(Internet Sales.Gross Profit)\"},{\"Column\":{\"Expression\":{\"SourceRef\":{\"Source\":\"i\"}},\"Property\":\"Order Date\"},\"Name\":\"Internet Sales.Order Date\"}]},\"Binding\":{\"Primary\":{\"Groupings\":[{\"Projections\":[0,1]}]},\"DataReduction\":{\"DataVolume\":4,\"Primary\":{\"BinnedLineSample\":{}}},\"Version\":1}}}]}",
      "QueryId": "",
      "ApplicationContext": { "Sources": [ {} ] }
    }
  ],
  "cancelQueries": [],
  "modelId": "1121075974",
  "userPreferredLocale": "en-US"
}