﻿{
  "version": "1.0.0",
  "queries": [
    {
      "Query": {
        "Commands": [
          {
            "SemanticQueryDataShapeCommand": {
              "Query": {
                "Version": 2,
                "From": [
                  {
                    "Name": "s",
                    "Entity": "Sales Territory"
                  },
                  {
                    "Name": "i",
                    "Entity": "Internet Sales"
                  }
                ],
                "Select": [
                  {
                    "Column": {
                      "Expression": { "SourceRef": { "Source": "s" } },
                      "Property": "Sales Territory Region"
                    },
                    "Name": "Sales Territory.Sales Territory Region"
                  },
                  {
                    "Measure": {
                      "Expression": { "SourceRef": { "Source": "i" } },
                      "Property": "Internet Total Gross Profit"
                    },
                    "Name": "Internet Sales.Internet Total Gross Profit"
                  }
                ]
              },
              "Binding": {
                "Primary": { "Groupings": [ { "Projections": [ 0, 1 ] } ] },
                "DataReduction": {
                  "DataVolume": 3,
                  "Primary": { "Top": {} }
                },
                "Version": 1
              }
            }
          }
        ]
      },
      "CacheKey": "{\"Commands\":[{\"SemanticQueryDataShapeCommand\":{\"Query\":{\"Version\":2,\"From\":[{\"Name\":\"s\",\"Entity\":\"Sales Territory\"},{\"Name\":\"i\",\"Entity\":\"Internet Sales\"}],\"Select\":[{\"Column\":{\"Expression\":{\"SourceRef\":{\"Source\":\"s\"}},\"Property\":\"Sales Territory Region\"},\"Name\":\"Sales Territory.Sales Territory Region\"},{\"Measure\":{\"Expression\":{\"SourceRef\":{\"Source\":\"i\"}},\"Property\":\"Internet Total Gross Profit\"},\"Name\":\"Internet Sales.Internet Total Gross Profit\"}]},\"Binding\":{\"Primary\":{\"Groupings\":[{\"Projections\":[0,1]}]},\"DataReduction\":{\"DataVolume\":3,\"Primary\":{\"Top\":{}}},\"Version\":1}}}]}",
      "QueryId": "",
      "ApplicationContext": { "Sources": [ {} ] }
    },
    {
      "Query": {
        "Commands": [
          {
            "SemanticQueryDataShapeCommand": {
              "Query": {
                "Version": 2,
                "From": [
                  {
                    "Name": "s",
                    "Entity": "Sales Territory"
                  }
                ],
                "Select": [
                  {
                    "Column": {
                      "Expression": { "SourceRef": { "Source": "s" } },
                      "Property": "Sales Territory Country"
                    },
                    "Name": "Sales Territory.Sales Territory Country"
                  },
                  {
                    "Column": {
                      "Expression": { "SourceRef": { "Source": "s" } },
                      "Property": "Sales Territory Region"
                    },
                    "Name": "Sales Territory.Sales Territory Region"
                  }
                ]
              },
              "Binding": {
                "Primary": { "Groupings": [ { "Projections": [ 0 ] } ] },
                "DataReduction": {
                  "DataVolume": 4,
                  "Primary": { "Top": {} }
                },
                "Version": 1
              }
            }
          }
        ]
      },
      "CacheKey": "{\"Commands\":[{\"SemanticQueryDataShapeCommand\":{\"Query\":{\"Version\":2,\"From\":[{\"Name\":\"s\",\"Entity\":\"Sales Territory\"}],\"Select\":[{\"Column\":{\"Expression\":{\"SourceRef\":{\"Source\":\"s\"}},\"Property\":\"Sales Territory Country\"},\"Name\":\"Sales Territory.Sales Territory Country\"},{\"Column\":{\"Expression\":{\"SourceRef\":{\"Source\":\"s\"}},\"Property\":\"Sales Territory Region\"},\"Name\":\"Sales Territory.Sales Territory Region\"}]},\"Binding\":{\"Primary\":{\"Groupings\":[{\"Projections\":[0]}]},\"DataReduction\":{\"DataVolume\":4,\"Primary\":{\"Top\":{}}},\"Version\":1}}}]}",
      "QueryId": "",
      "ApplicationContext": { "Sources": [ {} ] }
    }
  ],
  "cancelQueries": [],
  "modelId": "1121075974",
  "userPreferredLocale": "en-US"
}