{"schemaVersion":"1.0","appDefinitionTemplate":{"id":"/providers/Microsoft.PowerApps/apps/","type":"Microsoft.PowerApps/apps","tags":{"primaryDeviceWidth":"1366","primaryDeviceHeight":"768","sienaVersion":"20200428T095654Z-3.20023.8.0","deviceCapabilities":"","supportsPortrait":"false","supportsLandscape":"true","primaryFormFactor":"Tablet","publisherVersion":"3.20023.8","minimumRequiredApiVersion":"2.2.0","hasComponent":"false","hasUnlockedComponent":"false"},"properties":{"appVersion":"2020-04-28T09:56:54Z","lifeCycleId":"Published","createdByClientVersion":{"major":3,"minor":20023,"build":8,"revision":0,"majorRevision":0,"minorRevision":0},"minClientVersion":{"major":3,"minor":20023,"build":8,"revision":0,"majorRevision":0,"minorRevision":0},"backgroundColor":"rgba(0, 99, 177, 1)","backgroundImageUri":"/12359137014130137791/N8d223122-0338-46da-98f2-c658be9b1ed0-logoSmallFile","displayName":"DLP Alert Monitor","description":"","commitMessage":"","appUris":{"documentUri":{"value":"/12359137014130137791/N75f16f8d-e6b5-4b3d-9584-0e62c3f7e0f3-document.msapp","readonlyValue":"/12359137014130137791/N75f16f8d-e6b5-4b3d-9584-0e62c3f7e0f3-document.msapp"},"imageUris":[]},"createdTime":"0001-01-01T00:00:00Z","lastModifiedTime":"0001-01-01T00:00:00Z","sharedGroupsCount":0,"sharedUsersCount":0,"icons":{"smallIconUri":"/12359137014130137791/Ne2aef104-6c26-4cbf-b237-e0d0b59539d6-small.png","mediumIconUri":"/12359137014130137791/Ncae9e3c2-bedf-4673-8de4-928e35e960ac-medium.png","largeIconUri":"/12359137014130137791/Nbd78b495-8b80-40a8-a89b-68ece4a6c1aa-large.png","wideIconUri":"/12359137014130137791/N6cf06dec-c205-47dc-b473-227b8a96a28b-wide.png"},"connectionReferences":{"c0a657bf-e717-45f6-9b75-c72cb1226f82":{"id":"6a95bae5-21b4-4016-8552-73363e0cc117","displayName":"SharePoint","iconUri":"https://connectoricons-prod.azureedge.net/sharepointonline/icon_1.0.1329.1953.png","dataSources":["AlertList"],"dependencies":[],"dependents":[],"parameterHints":{},"isOnPremiseConnection":false,"dataSets":{"https://m365x604321.sharepoint.com/sites/Deneme":{"dataSources":{"AlertList":{"tableName":"d9d8d77b-b91c-4d44-8a78-029b9edc7da4"}}}},"apiTier":"Standard","isCustomApiConnection":false}},"databaseReferences":{},"almMode":"Environment","performanceOptimizationEnabled":false,"canConsumeAppPass":true},"isAppComponentLibrary":false,"appType":"ClassicCanvasApp","appComponents":[]}}